precipitation,temperature,dt
4.4875476334395314e-06,21.655904678839022,2017-09-18 00:00:00
0.0,20.89117713490367,2017-09-18 01:00:00
0.0,20.182103617076734,2017-09-18 02:00:00
0.0,19.452417496987437,2017-09-18 03:00:00
0.0,18.951943514056154,2017-09-18 04:00:00
0.0,18.613484584907383,2017-09-18 05:00:00
0.0,18.353765796400978,2017-09-18 06:00:00
0.0,17.44062751617622,2017-09-18 07:00:00
0.0,17.317364154647066,2017-09-18 08:00:00
0.0,17.101756334982213,2017-09-18 09:00:00
0.0,16.910883638032317,2017-09-18 10:00:00
9.972328074321635e-07,16.815241163534722,2017-09-18 11:00:00
9.972328074321635e-07,18.007061826347297,2017-09-18 12:00:00
1.4958492111465105e-06,20.940647380333417,2017-09-18 13:00:00
1.4958492111465105e-06,23.092603056529015,2017-09-18 14:00:00
1.4958492111465105e-06,24.573824655105796,2017-09-18 15:00:00
2.7423902204365413e-05,25.618059085719437,2017-09-18 16:00:00
4.238239431583746e-05,26.38443563783585,2017-09-18 17:00:00
5.5346420812448643e-05,26.839974147835107,2017-09-18 18:00:00
5.883673563845948e-05,26.664354776559378,2017-09-18 19:00:00
6.18284340607525e-05,26.65940775201642,2017-09-18 20:00:00
9.872604793571826e-05,25.86005103628014,2017-09-18 21:00:00
9.872604793571826e-05,24.666993617331855,2017-09-18 22:00:00
9.872604793571826e-05,23.162685904221178,2017-09-18 23:00:00
9.872604793571826e-05,22.09454085498311,2017-09-19 00:00:00
0.0,21.4023696710114,2017-09-19 01:00:00
0.0,20.787701871546346,2017-09-19 02:00:00
0.0,20.28228086407205,2017-09-19 03:00:00
0.0,19.928156357203875,2017-09-19 04:00:00
0.0,19.533218897856102,2017-09-19 05:00:00
0.0,19.117256584200675,2017-09-19 06:00:00
0.0,18.65017501693444,2017-09-19 07:00:00
0.0,18.47702915793019,2017-09-19 08:00:00
0.0,18.16412985558685,2017-09-19 09:00:00
0.0,17.90729683139722,2017-09-19 10:00:00
0.0,17.838862991886003,2017-09-19 11:00:00
0.0,18.627913406491075,2017-09-19 12:00:00
0.0,19.861371525873665,2017-09-19 13:00:00
0.0,21.027632561880807,2017-09-19 14:00:00
0.0,22.064446455680013,2017-09-19 15:00:00
0.0,23.311096640510527,2017-09-19 16:00:00
0.0,24.007390344934777,2017-09-19 17:00:00
0.0,24.93495744674317,2017-09-19 18:00:00
0.0,25.85221824742041,2017-09-19 19:00:00
0.0,25.817176823574357,2017-09-19 20:00:00
0.0,25.44656223489619,2017-09-19 21:00:00
0.0,23.788072256862733,2017-09-19 22:00:00
0.0,22.212444939924126,2017-09-19 23:00:00
0.0,20.694945161365524,2017-09-20 00:00:00
0.0,19.589697428055104,2017-09-20 01:00:00
0.0,18.992756466535695,2017-09-20 02:00:00
0.0,18.618843861495577,2017-09-20 03:00:00
0.0,18.19711001920666,2017-09-20 04:00:00
0.0,17.74775528988613,2017-09-20 05:00:00
0.0,17.341274773271437,2017-09-20 06:00:00
0.0,17.12690370974235,2017-09-20 07:00:00
0.0,16.918716426892047,2017-09-20 08:00:00
0.0,16.59798433568892,2017-09-20 09:00:00
0.0,16.29992610697451,2017-09-20 10:00:00
4.98616403714347e-07,16.168005452495095,2017-09-20 11:00:00
9.972328074321635e-07,17.53791899885482,2017-09-20 12:00:00
3.4903148260108374e-06,19.70141773231734,2017-09-20 13:00:00
3.9889312297251844e-06,21.154606191817265,2017-09-20 14:00:00
4.4875476334395314e-06,22.672518222421104,2017-09-20 15:00:00
8.476478863168185e-06,23.700674823270106,2017-09-20 16:00:00
1.2964026496607717e-05,24.29802803683475,2017-09-20 17:00:00
2.0941888956061555e-05,24.313693614554154,2017-09-20 18:00:00
2.5928052993218903e-05,23.61533864990372,2017-09-20 19:00:00
2.792251860807976e-05,23.746022548247424,2017-09-20 20:00:00
2.792251860807976e-05,23.491250784284034,2017-09-20 21:00:00
2.792251860807976e-05,22.7999041044028,2017-09-20 22:00:00
2.792251860807976e-05,21.24241587745513,2017-09-20 23:00:00
2.792251860807976e-05,20.19859369888667,2017-09-21 00:00:00
0.0,19.47220559515938,2017-09-21 01:00:00
0.0,18.944110725196424,2017-09-21 02:00:00
0.0,18.555769298572613,2017-09-21 03:00:00
0.0,18.134035456283698,2017-09-21 04:00:00
0.0,17.70323206899934,2017-09-21 05:00:00
0.0,17.200284573796523,2017-09-21 06:00:00
0.0,16.827608724892173,2017-09-21 07:00:00
0.0,16.350633108540023,2017-09-21 08:00:00
0.0,16.006814902803,2017-09-21 09:00:00
0.0,15.635788062079655,2017-09-21 10:00:00
0.0,15.284961571573433,2017-09-21 11:00:00
0.0,15.99073707303836,2017-09-21 12:00:00
0.0,17.50535108728019,2017-09-21 13:00:00
0.0,19.092109209440537,2017-09-21 14:00:00
0.0,20.780693586777147,2017-09-21 15:00:00
0.0,22.21780421651232,2017-09-21 16:00:00
0.0,23.22782172737044,2017-09-21 17:00:00
0.0,23.749732816654614,2017-09-21 18:00:00
0.0,24.276178678436565,2017-09-21 19:00:00
0.0,24.02099466242794,2017-09-21 20:00:00
0.0,23.24637306940656,2017-09-21 21:00:00
0.0,21.738355087888692,2017-09-21 22:00:00
0.0,19.91620104789166,2017-09-21 23:00:00
0.0,18.57432064060879,2017-09-22 00:00:00
0.0,17.61047535881852,2017-09-22 01:00:00
0.0,16.90593661348936,2017-09-22 02:00:00
0.0,16.258700902449675,2017-09-22 03:00:00
0.0,15.718238471129268,2017-09-22 04:00:00
0.0,15.242499610912887,2017-09-22 05:00:00
0.0,14.7791283120539,2017-09-22 06:00:00
0.0,14.443555147221844,2017-09-22 07:00:00
0.0,13.853622470471691,2017-09-22 08:00:00
0.0,13.350262723223636,2017-09-22 09:00:00
0.0,12.924406360482294,2017-09-22 10:00:00
0.0,12.48783144456445,2017-09-22 11:00:00
0.0,13.511041020870437,2017-09-22 12:00:00
9.972328074321635e-07,16.612000905227376,2017-09-22 13:00:00
9.972328074321635e-07,18.78374467959486,2017-09-22 14:00:00
9.972328074321635e-07,20.42945484422569,2017-09-22 15:00:00
9.972328074321635e-07,21.738355087888692,2017-09-22 16:00:00
9.972328074321635e-07,22.766511688737694,2017-09-22 17:00:00
1.4958492111465105e-06,23.51186338654645,2017-09-22 18:00:00
1.4958492111465105e-06,23.807448102989383,2017-09-22 19:00:00
1.4958492111465105e-06,23.722111929622997,2017-09-22 20:00:00
1.4958492111465105e-06,23.07075369813083,2017-09-22 21:00:00
1.4958492111465105e-06,21.902019149852208,2017-09-22 22:00:00
1.4958492111465105e-06,20.47933734170067,2017-09-22 23:00:00
1.4958492111465105e-06,19.206715278019544,2017-09-23 00:00:00
0.0,17.89616602617548,2017-09-23 01:00:00
0.0,17.835152723478757,2017-09-23 02:00:00
0.0,16.527901487996758,2017-09-23 03:00:00
0.0,15.461405446939636,2017-09-23 04:00:00
0.0,14.766348498651212,2017-09-23 05:00:00
0.0,14.446028659493379,2017-09-23 06:00:00
0.0,13.816932038444634,2017-09-23 07:00:00
0.0,13.631418618082932,2017-09-23 08:00:00
0.0,13.7101587587253,2017-09-23 09:00:00
0.0,13.715930287358788,2017-09-23 10:00:00
0.0,13.846201933657255,2017-09-23 11:00:00
0.0,14.930837064705258,2017-09-23 12:00:00
0.0,17.469485159343606,2017-09-23 13:00:00
4.98616403714347e-07,20.19612018661519,2017-09-23 14:00:00
4.98616403714347e-07,22.12381075019573,2017-09-23 15:00:00
4.98616403714347e-07,23.731181474618438,2017-09-23 16:00:00
4.98616403714347e-07,24.695026756408765,2017-09-23 17:00:00
4.98616403714347e-07,25.381426411746986,2017-09-23 18:00:00
4.98616403714347e-07,26.675897833826298,2017-09-23 19:00:00
4.98616403714347e-07,26.72083330675838,2017-09-23 20:00:00
4.98616403714347e-07,26.170889078397295,2017-09-23 21:00:00
4.98616403714347e-07,24.612988599404332,2017-09-23 22:00:00
4.98616403714347e-07,23.607918113089227,2017-09-23 23:00:00
4.98616403714347e-07,22.568218454973305,2017-09-24 00:00:00
0.0,21.962620200503693,2017-09-24 01:00:00
0.0,21.592005611825584,2017-09-24 02:00:00
0.0,21.153369435681498,2017-09-24 03:00:00
0.0,20.791412139953593,2017-09-24 04:00:00
0.0,20.52550957076852,2017-09-24 05:00:00
0.0,20.29341166929379,2017-09-24 06:00:00
0.0,19.956601748325966,2017-09-24 07:00:00
0.0,19.666788560516522,2017-09-24 08:00:00
0.0,19.56990932988316,2017-09-24 09:00:00
0.0,19.421086341548573,2017-09-24 10:00:00
0.0,19.347293225449164,2017-09-24 11:00:00
0.0,20.101714468253363,2017-09-24 12:00:00
9.972328074321635e-07,22.19059558152594,2017-09-24 13:00:00
9.972328074321635e-07,23.66068637488104,2017-09-24 14:00:00
9.972328074321635e-07,24.97206013081552,2017-09-24 15:00:00
9.972328074321635e-07,26.25416399153744,2017-09-24 16:00:00
9.972328074321635e-07,27.321484536684977,2017-09-24 17:00:00
9.972328074321635e-07,28.106412430837565,2017-09-24 18:00:00
9.972328074321635e-07,28.880209519768414,2017-09-24 19:00:00
1.4958492111465105e-06,28.82496774570518,2017-09-24 20:00:00
1.4958492111465105e-06,28.267190728484366,2017-09-24 21:00:00
1.4958492111465105e-06,27.2006946874273,2017-09-24 22:00:00
1.4958492111465105e-06,25.904986509212222,2017-09-24 23:00:00
1.4958492111465105e-06,24.750680782517236,2017-09-25 00:00:00
0.0,24.11911064919701,2017-09-25 01:00:00
0.0,23.561333631976197,2017-09-25 02:00:00
0.0,23.0806477472168,2017-09-25 03:00:00
0.0,22.434648792312885,2017-09-25 04:00:00
0.0,21.885116815997037,2017-09-25 05:00:00
0.0,21.338470603997962,2017-09-25 06:00:00
0.0,21.063910741862628,2017-09-25 07:00:00
4.98616403714347e-07,20.63434411071404,2017-09-25 08:00:00
4.98616403714347e-07,20.252186464768954,2017-09-25 09:00:00
4.98616403714347e-07,20.048946206461608,2017-09-25 10:00:00
4.98616403714347e-07,20.074093581221746,2017-09-25 11:00:00
4.98616403714347e-07,20.82892707607118,2017-09-25 12:00:00
4.98616403714347e-07,23.63677575625661,2017-09-25 13:00:00
4.98616403714347e-07,25.50675103350244,2017-09-25 14:00:00
4.98616403714347e-07,27.063002504314397,2017-09-25 15:00:00
2.493082018578674e-06,28.289452338927788,2017-09-25 16:00:00
2.493082018578674e-06,29.251236360491816,2017-09-25 17:00:00
2.493082018578674e-06,29.86260614359486,2017-09-25 18:00:00
2.493082018578674e-06,30.120263671875023,2017-09-25 19:00:00
2.493082018578674e-06,29.935987007649032,2017-09-25 20:00:00
2.493082018578674e-06,29.142401820546297,2017-09-25 21:00:00
2.493082018578674e-06,27.1759595647124,2017-09-25 22:00:00
2.493082018578674e-06,25.833666905384234,2017-09-25 23:00:00
2.493082018578674e-06,24.830657679295427,2017-09-26 00:00:00
0.0,23.83259547774952,2017-09-26 01:00:00
0.0,22.971400955226045,2017-09-26 02:00:00
0.0,22.30932417055743,2017-09-26 03:00:00
0.0,21.790298845589973,2017-09-26 04:00:00
0.0,21.499248901644705,2017-09-26 05:00:00
0.0,21.33764609990743,2017-09-26 06:00:00
0.0,21.20531319338278,2017-09-26 07:00:00
0.0,20.905605956487307,2017-09-26 08:00:00
0.0,20.638466631166523,2017-09-26 09:00:00
0.0,20.356073980171516,2017-09-26 10:00:00
0.0,20.046472694190072,2017-09-26 11:00:00
0.0,20.624450061628067,2017-09-26 12:00:00
0.0,23.10332160970546,2017-09-26 13:00:00
0.0,25.263522326806026,2017-09-26 14:00:00
0.0,26.868831791002492,2017-09-26 15:00:00
0.0,28.068897494719977,2017-09-26 16:00:00
0.0,29.036040792872257,2017-09-26 17:00:00
0.0,29.577327728283137,2017-09-26 18:00:00
0.0,29.40830438973137,2017-09-26 19:00:00
0.0,29.199292602790536,2017-09-26 20:00:00
0.0,28.24863938644819,2017-09-26 21:00:00
0.0,26.729490599708583,2017-09-26 22:00:00
0.0,25.740910195203412,2017-09-26 23:00:00
0.0,24.887960713584903,2017-09-27 00:00:00
0.0,24.072526168083982,2017-09-27 01:00:00
0.0,23.281826745297906,2017-09-27 02:00:00
0.0,22.777642493959377,2017-09-27 03:00:00
0.0,22.35384739144422,2017-09-27 04:00:00
0.0,22.04218484523659,2017-09-27 05:00:00
0.0,21.67734178519197,2017-09-27 06:00:00
0.0,21.206137697473253,2017-09-27 07:00:00
0.0,20.946006656921668,2017-09-27 08:00:00
0.0,20.79388565222507,2017-09-27 09:00:00
0.0,20.574979816198265,2017-09-27 10:00:00
0.0,20.405131973556024,2017-09-27 11:00:00
0.0,21.334760335590715,2017-09-27 12:00:00
0.0,23.35479535730684,2017-09-27 13:00:00
0.0,25.08625394734929,2017-09-27 14:00:00
0.0,26.781022105364627,2017-09-27 15:00:00
2.0941888956061555e-05,28.03591733110011,2017-09-27 16:00:00
3.1911449837808414e-05,29.10942165692643,2017-09-27 17:00:00
3.4903148260101435e-05,29.704301358219595,2017-09-27 18:00:00
7.329661134621371e-05,29.365017924980293,2017-09-27 19:00:00
7.778415897965671e-05,29.238868799134366,2017-09-27 20:00:00
0.00013462642900325186,28.26348046007712,2017-09-27 21:00:00
0.00040188482139489473,26.830904602839666,2017-09-27 22:00:00
0.00040188482139489473,25.17241462480615,2017-09-27 23:00:00
0.00040188482139489473,24.049852305595323,2017-09-28 00:00:00
0.0006536861052713477,22.506380648186052,2017-09-28 01:00:00
0.0019276510167650866,21.20407643724701,2017-09-28 02:00:00
0.002479120759274705,20.38080910288636,2017-09-28 03:00:00
0.0026017803945887798,19.641641185756384,2017-09-28 04:00:00
0.002663110212245818,18.669550863061147,2017-09-28 05:00:00
0.002670090841897838,18.209477580564112,2017-09-28 06:00:00
0.002670589458301554,18.194224254889946,2017-09-28 07:00:00
0.002670589458301554,17.646341286755103,2017-09-28 08:00:00
0.002670589458301554,17.156998109045503,2017-09-28 09:00:00
0.002670589458301554,16.5052276255081,2017-09-28 10:00:00
0.002670589458301554,15.566117466432729,2017-09-28 11:00:00
0.002670589458301554,14.785724344777861,2017-09-28 12:00:00
0.002670589458301554,14.618350014407099,2017-09-28 13:00:00
0.002670589458301554,14.760576970017723,2017-09-28 14:00:00
0.002670589458301554,14.915583739031035,2017-09-28 15:00:00
0.002670589458301554,15.114701476885955,2017-09-28 16:00:00
0.0026715866911089844,15.423890510822048,2017-09-28 17:00:00
0.0026715866911089844,15.580958540061658,2017-09-28 18:00:00
0.0026715866911089844,15.02606728715756,2017-09-28 19:00:00
0.0026725839239164165,15.018646750343123,2017-09-28 20:00:00
0.0026730825403201326,14.784899840687387,2017-09-28 21:00:00
0.0026730825403201326,14.320291785692632,2017-09-28 22:00:00
0.0026730825403201326,13.920407301801902,2017-09-28 23:00:00
0.0026730825403201326,13.516812549503925,2017-09-29 00:00:00
0.0,13.168459571269182,2017-09-29 01:00:00
0.0,12.897197725495857,2017-09-29 02:00:00
0.0,12.5636858208901,2017-09-29 03:00:00
0.0,12.370339611668669,2017-09-29 04:00:00
0.0,12.128347661108023,2017-09-29 05:00:00
2.493082018578674e-06,11.98735746163311,2017-09-29 06:00:00
2.493082018578674e-06,10.772038432241459,2017-09-29 07:00:00
2.493082018578674e-06,10.435228511273635,2017-09-29 08:00:00
2.493082018578674e-06,10.160256397093121,2017-09-29 09:00:00
2.493082018578674e-06,9.700183114596143,2017-09-29 10:00:00
2.493082018578674e-06,9.40171263383644,2017-09-29 11:00:00
2.493082018578674e-06,9.716673196406077,2017-09-29 12:00:00
2.493082018578674e-06,10.62486445208782,2017-09-29 13:00:00
2.493082018578674e-06,11.45390331508196,2017-09-29 14:00:00
2.493082018578674e-06,12.196781500619181,2017-09-29 15:00:00
2.493082018578674e-06,12.740954200346835,2017-09-29 16:00:00
2.493082018578674e-06,13.551441721304798,2017-09-29 17:00:00
2.493082018578674e-06,13.990490149494121,2017-09-29 18:00:00
3.4903148260108374e-06,13.008093525667675,2017-09-29 19:00:00
3.4903148260108374e-06,12.946255718880423,2017-09-29 20:00:00
3.4903148260108374e-06,12.655205774935212,2017-09-29 21:00:00
3.4903148260108374e-06,12.294485235343018,2017-09-29 22:00:00
3.4903148260108374e-06,11.941185232565317,2017-09-29 23:00:00
5.983396844589511e-06,11.507908333009482,2017-09-30 00:00:00
1.6454341322618554e-05,11.219744153380987,2017-09-30 01:00:00
3.241006624152276e-05,10.966621397598601,2017-09-30 02:00:00
5.783950283102732e-05,10.810377872449521,2017-09-30 03:00:00
0.00010271497916544345,10.649187322757484,2017-09-30 04:00:00
0.00016903096085963895,10.531283237816467,2017-09-30 05:00:00
0.00020742442394575122,10.364321159490999,2017-09-30 06:00:00
0.0002847099665216936,9.50931041764619,2017-09-30 07:00:00
0.00029867122582573347,9.360075177266367,2017-09-30 08:00:00
0.0003036573898628908,9.236399563691919,2017-09-30 09:00:00
0.000304654622670323,9.076033518090355,2017-09-30 10:00:00
0.000304654622670323,8.784983574145144,2017-09-30 11:00:00
0.000304654622670323,8.872381007737772,2017-09-30 12:00:00
0.000304654622670323,9.8341650293018,2017-09-30 13:00:00
0.000304654622670323,11.188412997942123,2017-09-30 14:00:00
0.00030565185547775514,12.599551748826684,2017-09-30 15:00:00
0.000307646321092616,13.60214872287031,2017-09-30 16:00:00
0.000312133868726059,13.935248375430831,2017-09-30 17:00:00
0.0003161227999557842,13.791784663684496,2017-09-30 18:00:00
0.00032310342960780586,12.79372246213859,2017-09-30 19:00:00
0.0003275909772412454,12.727349882853616,2017-09-30 20:00:00
0.0003275909772412454,12.63830344108004,2017-09-30 21:00:00
0.0003275909772412454,12.335298187822616,2017-09-30 22:00:00
0.0003275909772412454,11.51739013005016,2017-09-30 23:00:00
0.0003275909772412454,10.698245316141993,2017-10-01 00:00:00
0.0,9.986286033998397,2017-10-01 01:00:00
0.0,9.473856741754844,2017-10-01 02:00:00
0.0,9.067376225140151,2017-10-01 03:00:00
0.0,8.766432232108968,2017-10-01 04:00:00
0.0,8.452296173629861,2017-10-01 05:00:00
0.0,8.167842262408612,2017-10-01 06:00:00
0.0,7.729206086264526,2017-10-01 07:00:00
0.0,7.403939222563679,2017-10-01 08:00:00
0.0,7.198225451984854,2017-10-01 09:00:00
0.0,7.01312428366839,2017-10-01 10:00:00
0.0,7.119897563387667,2017-10-01 11:00:00
0.0,7.690042141965932,2017-10-01 12:00:00
0.0,10.0336950192019,2017-10-01 13:00:00
0.0,11.70620156677387,2017-10-01 14:00:00
0.0,13.083947901993326,2017-10-01 15:00:00
0.0,14.179301586217775,2017-10-01 16:00:00
0.0,15.068116995772868,2017-10-01 17:00:00
0.0,15.759051423608867,2017-10-01 18:00:00
0.0,15.985790048495346,2017-10-01 19:00:00
0.0,16.131727272513217,2017-10-01 20:00:00
0.0,15.768533220649545,2017-10-01 21:00:00
0.0,14.723474285945372,2017-10-01 22:00:00
0.0,13.50032246769399,2017-10-01 23:00:00
0.0,12.613980570410376,2017-10-02 00:00:00
0.0,11.906143808719207,2017-10-02 01:00:00
0.0,11.393714516475711,2017-10-02 02:00:00
0.0,10.981874723272767,2017-10-02 03:00:00
0.0,10.58075348324627,2017-10-02 04:00:00
0.0,10.187465032079501,2017-10-02 05:00:00
0.0,9.733575530261248,2017-10-02 06:00:00
4.98616403714347e-07,8.845996876841866,2017-10-02 07:00:00
4.98616403714347e-07,8.582155567883035,2017-10-02 08:00:00
9.972328074321635e-07,9.057069924008943,2017-10-02 09:00:00
9.972328074321635e-07,9.514257442189205,2017-10-02 10:00:00
9.972328074321635e-07,9.563315435573713,2017-10-02 11:00:00
9.972328074321635e-07,9.645765844623384,2017-10-02 12:00:00
9.972328074321635e-07,11.080815214132315,2017-10-02 13:00:00
1.4958492111465105e-06,12.989129931586206,2017-10-02 14:00:00
1.4958492111465105e-06,14.801802174542559,2017-10-02 15:00:00
1.4958492111465105e-06,16.35104536058526,2017-10-02 16:00:00
1.4958492111465105e-06,17.467423899117364,2017-10-02 17:00:00
1.4958492111465105e-06,18.091161243577915,2017-10-02 18:00:00
1.4958492111465105e-06,18.142280497188665,2017-10-02 19:00:00
1.4958492111465105e-06,18.100643040618593,2017-10-02 20:00:00
1.4958492111465105e-06,17.64428002652886,2017-10-02 21:00:00
1.4958492111465105e-06,16.513884918458302,2017-10-02 22:00:00
1.4958492111465105e-06,15.268471489763499,2017-10-02 23:00:00
1.4958492111465105e-06,14.191256895529989,2017-10-03 00:00:00
0.0,13.206386759432007,2017-10-03 01:00:00
0.0,12.424344629596192,2017-10-03 02:00:00
0.0,11.625812417950442,2017-10-03 03:00:00
0.0,10.969507161915317,2017-10-03 04:00:00
0.0,10.547361067581164,2017-10-03 05:00:00
0.0,10.369680436079193,2017-10-03 06:00:00
0.0,10.22044519569937,2017-10-03 07:00:00
0.0,10.572508442341302,2017-10-03 08:00:00
0.0,10.676808209789101,2017-10-03 09:00:00
0.0,10.839235515616906,2017-10-03 10:00:00
0.0,10.960849868965113,2017-10-03 11:00:00
0.0,11.83111393648403,2017-10-03 12:00:00
0.0,13.956273229738485,2017-10-03 13:00:00
0.0,15.970948974866417,2017-10-03 14:00:00
0.0,17.645104530619335,2017-10-03 15:00:00
0.0,19.09293371353101,2017-10-03 16:00:00
0.0,20.256721237266675,2017-10-03 17:00:00
0.0,21.0808130757178,2017-10-03 18:00:00
0.0,21.461733965527173,2017-10-03 19:00:00
9.972328074321635e-07,21.348364653083877,2017-10-03 20:00:00
9.972328074321635e-07,20.51314200941107,2017-10-03 21:00:00
1.4958492111465105e-06,18.879387154092456,2017-10-03 22:00:00
1.4958492111465105e-06,17.57048691042945,2017-10-03 23:00:00
1.4958492111465105e-06,16.887385271453184,2017-10-04 00:00:00
0.0,16.232729023599063,2017-10-04 01:00:00
0.0,15.678662274785438,2017-10-04 02:00:00
0.0,15.22312376478618,2017-10-04 03:00:00
0.0,14.74491139229832,2017-10-04 04:00:00
0.0,14.228771831647578,2017-10-04 05:00:00
0.0,13.858981747059943,2017-10-04 06:00:00
0.0,13.373761089802827,2017-10-04 07:00:00
0.0,13.199790726708045,2017-10-04 08:00:00
0.0,13.093017446988767,2017-10-04 09:00:00
0.0,13.368401813214575,2017-10-04 10:00:00
0.0,13.45621149885244,2017-10-04 11:00:00
9.972328074321635e-07,14.136427373511935,2017-10-04 12:00:00
1.4958492111465105e-06,15.468413731708893,2017-10-04 13:00:00
1.4958492111465105e-06,17.447635800945477,2017-10-04 14:00:00
1.4958492111465105e-06,19.44169894381099,2017-10-04 15:00:00
1.4958492111465105e-06,21.171920777717673,2017-10-04 16:00:00
4.4875476334395314e-06,22.68529803582379,2017-10-04 17:00:00
4.4875476334395314e-06,24.048615549459555,2017-10-04 18:00:00
4.4875476334395314e-06,25.068114857358353,2017-10-04 19:00:00
4.4875476334395314e-06,25.105217541430704,2017-10-04 20:00:00
0.000128144415754948,23.939781009514036,2017-10-04 21:00:00
0.00043678796965499617,22.41115042573375,2017-10-04 22:00:00
0.0011772333291728831,21.141414126369284,2017-10-04 23:00:00
0.0018713073631452075,20.425332323773205,2017-10-05 00:00:00
0.0007509163039959178,19.810252272262858,2017-10-05 01:00:00
0.0025703675611546874,19.061602558092147,2017-10-05 02:00:00
0.004439181842281316,18.284095200754052,2017-10-05 03:00:00
0.005039017375951364,18.25276404531519,2017-10-05 04:00:00
0.005165167326091449,17.51400838023045,2017-10-05 05:00:00
0.005260403059201156,16.560057147526095,2017-10-05 06:00:00
0.005503727864214443,15.490263090107021,2017-10-05 07:00:00
0.00559547328249814,14.755217693429529,2017-10-05 08:00:00
0.00561890825347278,14.215579766199596,2017-10-05 09:00:00
0.005669767126651787,13.87959434932236,2017-10-05 10:00:00
0.005745058203612865,13.715105783268314,2017-10-05 11:00:00
0.005840293936722573,13.93772188770231,2017-10-05 12:00:00
0.0060202944584639585,14.34543916045277,2017-10-05 13:00:00
0.006226223033198563,14.676477552787105,2017-10-05 14:00:00
0.006376805187120719,15.42677627513882,2017-10-05 15:00:00
0.006415697266610548,16.679197988602823,2017-10-05 16:00:00
0.006415697266610548,17.71683638649256,2017-10-05 17:00:00
0.006415697266610548,18.607713056273894,2017-10-05 18:00:00
0.006415697266610548,18.914428577938565,2017-10-05 19:00:00
0.006415697266610548,19.087574436942816,2017-10-05 20:00:00
0.006415697266610548,18.47785366202072,2017-10-05 21:00:00
0.006415697266610548,17.157822613135977,2017-10-05 22:00:00
0.006415697266610548,16.104518637526837,2017-10-05 23:00:00
0.006415697266610548,15.395445119699957,2017-10-06 00:00:00
0.0,14.899505909266395,2017-10-06 01:00:00
0.0,14.826125045212166,2017-10-06 02:00:00
0.0,14.461694237212782,2017-10-06 03:00:00
0.0,14.20486121302315,2017-10-06 04:00:00
0.0,13.712220018951541,2017-10-06 05:00:00
0.0,13.278118615305232,2017-10-06 06:00:00
0.0,12.920696092075048,2017-10-06 07:00:00
0.0,12.806502275541277,2017-10-06 08:00:00
0.0,12.502672518193378,2017-10-06 09:00:00
0.0,12.330763415324839,2017-10-06 10:00:00
0.0,12.302730276247985,2017-10-06 11:00:00
8.975095266882532e-06,12.695606475369516,2017-10-06 12:00:00
1.0470944478029043e-05,13.316870307558531,2017-10-06 13:00:00
1.0470944478029043e-05,13.830536355937795,2017-10-06 14:00:00
1.0470944478029043e-05,14.7065719520902,2017-10-06 15:00:00
1.1468177285461206e-05,15.008340449211914,2017-10-06 16:00:00
1.1468177285461206e-05,15.59786087391683,2017-10-06 17:00:00
1.1468177285461206e-05,16.406699386693788,2017-10-06 18:00:00
1.246541009289337e-05,16.87089518964325,2017-10-06 19:00:00
1.246541009289337e-05,17.057233114095425,2017-10-06 20:00:00
1.246541009289337e-05,16.754227860838,2017-10-06 21:00:00
1.246541009289337e-05,16.142445825689663,2017-10-06 22:00:00
1.246541009289337e-05,15.220238000469465,2017-10-06 23:00:00
1.246541009289337e-05,14.752744181157993,2017-10-07 00:00:00
0.0,14.265462263674635,2017-10-07 01:00:00
0.0,13.927003334525864,2017-10-07 02:00:00
0.0,13.844965177521487,2017-10-07 03:00:00
2.493082018578674e-06,13.816107534354103,2017-10-07 04:00:00
2.991698422293021e-06,13.702738221910863,2017-10-07 05:00:00
2.991698422293021e-06,13.616165292408766,2017-10-07 06:00:00
2.991698422293021e-06,12.717043581722407,2017-10-07 07:00:00
2.991698422293021e-06,12.553791771804129,2017-10-07 08:00:00
2.991698422293021e-06,12.686949182419312,2017-10-07 09:00:00
2.991698422293021e-06,12.770224095559456,2017-10-07 10:00:00
5.484780440871695e-06,13.008093525667675,2017-10-07 11:00:00
5.484780440871695e-06,14.046968679693123,2017-10-07 12:00:00
5.484780440871695e-06,15.475834268523329,2017-10-07 13:00:00
5.983396844589511e-06,17.011885389118106,2017-10-07 14:00:00
5.983396844589511e-06,18.425497652274203,2017-10-07 15:00:00
0.00022338014886465543,19.794174442498218,2017-10-07 16:00:00
0.0005310264699572714,19.963197781049985,2017-10-07 17:00:00
0.0012330783663890479,18.38056217934212,2017-10-07 18:00:00
0.0018678170483191966,17.02136718615884,2017-10-07 19:00:00
0.0018792852256046596,17.609650854727988,2017-10-07 20:00:00
0.001903218812983016,18.761483069151495,2017-10-07 21:00:00
0.0019111966754424663,18.858774551830038,2017-10-07 22:00:00
0.0019111966754424663,18.95812729473488,2017-10-07 23:00:00
0.0019111966754424663,19.213311310743507,2017-10-08 00:00:00
0.0,19.343582957041917,2017-10-08 01:00:00
0.0,19.344819713177685,2017-10-08 02:00:00
0.0,19.273500109349698,2017-10-08 03:00:00
0.0,19.240932197775123,2017-10-08 04:00:00
0.0,19.040577703784493,2017-10-08 05:00:00
0.0,18.896701739992864,2017-10-08 06:00:00
0.0,18.617194853314572,2017-10-08 07:00:00
4.98616403714347e-07,18.696759498047527,2017-10-08 08:00:00
2.493082018578674e-06,18.776324142780425,2017-10-08 09:00:00
2.493082018578674e-06,19.094582721712015,2017-10-08 10:00:00
5.0360256775291296e-05,19.80777875999138,2017-10-08 11:00:00
0.003080950758559615,18.79157746845459,2017-10-08 12:00:00
0.005517190507114767,19.169612593947193,2017-10-08 13:00:00
0.00877215839057118,19.66142928392827,2017-10-08 14:00:00
0.011709009008456945,19.768614815692786,2017-10-08 15:00:00
0.012411060904888721,20.04441143396383,2017-10-08 16:00:00
0.01245693361403057,21.30590269242333,2017-10-08 17:00:00
0.01245693361403057,22.193481345842713,2017-10-08 18:00:00
0.012457432230434284,22.689832808321512,2017-10-08 19:00:00
0.012457432230434284,21.817095228531116,2017-10-08 20:00:00
0.012457930846838,21.016501756659125,2017-10-08 21:00:00
0.012457930846838,19.947119951285288,2017-10-08 22:00:00
0.012457930846838,18.773026126418415,2017-10-08 23:00:00
0.012457930846838,17.982326703632395,2017-10-09 00:00:00
0.0,17.346634049859688,2017-10-09 01:00:00
0.0,17.01435890138964,2017-10-09 02:00:00
0.0,16.764121909923972,2017-10-09 03:00:00
0.0,16.53449752072072,2017-10-09 04:00:00
0.0,16.232729023599063,2017-10-09 05:00:00
0.0,16.23108001541806,2017-10-09 06:00:00
0.0,16.081844775038178,2017-10-09 07:00:00
0.0,15.913645940576941,2017-10-09 08:00:00
0.0,15.890559826043045,2017-10-09 09:00:00
0.0,15.897568110812244,2017-10-09 10:00:00
6.482013248303858e-06,15.859228670604182,2017-10-09 11:00:00
5.0360256775291296e-05,16.127604752060734,2017-10-09 12:00:00
0.00024482065422443133,16.709704639951212,2017-10-09 13:00:00
0.0020552968161163185,16.641683052485234,2017-10-09 14:00:00
0.003470868786265331,16.21953695815108,2017-10-09 15:00:00
0.005258408593586294,16.494509072331653,2017-10-09 16:00:00
0.00883199235901707,16.73732552698283,2017-10-09 17:00:00
0.012596047590667262,16.948810826195142,2017-10-09 18:00:00
0.014208074423880281,17.089801025670056,2017-10-09 19:00:00
0.018104761618918865,17.18214548380564,2017-10-09 20:00:00
0.024231759987777993,17.278200210348473,2017-10-09 21:00:00
0.027636811408752848,17.538331250900058,2017-10-09 22:00:00
0.030515323907403868,17.682619466736924,2017-10-09 23:00:00
0.03267582878470421,17.56059286134348,2017-10-10 00:00:00
0.0005853756579622879,17.16977792244819,2017-10-10 01:00:00
0.0006661515153642411,16.619833694087106,2017-10-10 02:00:00
0.0007509163039959178,16.057109652323277,2017-10-10 03:00:00
0.0008915261298437591,15.721536487491278,2017-10-10 04:00:00
0.0009378974553893235,15.378542785844786,2017-10-10 05:00:00
0.0009633268919788281,15.054512678279707,2017-10-10 06:00:00
0.0010077037519095298,14.856631696560555,2017-10-10 07:00:00
0.001011692683139255,14.609692721456895,2017-10-10 08:00:00
0.0010121912995429711,14.484780351746679,2017-10-10 09:00:00
0.0010151829979652659,14.342965648181291,2017-10-10 10:00:00
0.0010276484080581592,14.498384669239897,2017-10-10 11:00:00
0.0010336318049027488,14.946914894469899,2017-10-10 12:00:00
0.0010361248869213274,15.359166939718136,2017-10-10 13:00:00
0.0010371221197287579,16.106992149798316,2017-10-10 14:00:00
0.0010495875298216512,16.952933346647626,2017-10-10 15:00:00
0.0010495875298216512,18.318724372554925,2017-10-10 16:00:00
0.0010495875298216512,19.729038619348955,2017-10-10 17:00:00
0.0010495875298216512,20.654132208885926,2017-10-10 18:00:00
0.0010495875298216512,20.90065893194435,2017-10-10 19:00:00
0.0010495875298216512,20.789763131772588,2017-10-10 20:00:00
0.0010585626250885355,19.93186662561112,2017-10-10 21:00:00
0.0010610557071071142,19.093758217621485,2017-10-10 22:00:00
0.0010620529399145463,18.170725888310812,2017-10-10 23:00:00
0.0010625515563182607,17.43732949981427,2017-10-11 00:00:00
2.493082018578674e-06,16.599633343869925,2017-10-11 01:00:00
2.991698422293021e-06,15.890972078088282,2017-10-11 02:00:00
3.9889312297251844e-06,15.420180242414858,2017-10-11 03:00:00
3.9889312297251844e-06,14.965466236506074,2017-10-11 04:00:00
3.9889312297251844e-06,14.471176034253517,2017-10-11 05:00:00
3.9889312297251844e-06,14.032127606064194,2017-10-11 06:00:00
3.9889312297251844e-06,13.165986058997703,2017-10-11 07:00:00
3.9889312297251844e-06,12.532766917496474,2017-10-11 08:00:00
3.9889312297251844e-06,11.86945337669215,2017-10-11 09:00:00
3.9889312297251844e-06,11.184702729534877,2017-10-11 10:00:00
3.9889312297251844e-06,10.422860949916242,2017-10-11 11:00:00
3.9889312297251844e-06,10.113259663934798,2017-10-11 12:00:00
3.9889312297251844e-06,10.445122560359607,2017-10-11 13:00:00
3.9889312297251844e-06,10.993830032584981,2017-10-11 14:00:00
3.9889312297251844e-06,11.777933422647038,2017-10-11 15:00:00
3.9889312297251844e-06,12.585947431333523,2017-10-11 16:00:00
3.9889312297251844e-06,13.16722281513347,2017-10-11 17:00:00
3.9889312297251844e-06,13.228236117830193,2017-10-11 18:00:00
3.9889312297251844e-06,11.329815449462274,2017-10-11 19:00:00
3.9889312297251844e-06,11.002487325535185,2017-10-11 20:00:00
3.9889312297251844e-06,10.628574720495067,2017-10-11 21:00:00
3.9889312297251844e-06,10.31897343451368,2017-10-11 22:00:00
3.9889312297251844e-06,10.003600619898805,2017-10-11 23:00:00
3.9889312297251844e-06,9.702656626867622,2017-10-12 00:00:00
0.0,9.322147989103541,2017-10-12 01:00:00
0.0,9.155598162823253,2017-10-12 02:00:00
0.0,8.980803295638054,2017-10-12 03:00:00
0.0,8.702120913050237,2017-10-12 04:00:00
0.0,8.427973302960197,2017-10-12 05:00:00
0.0,8.09363689426391,2017-10-12 06:00:00
0.0,7.095986944763297,2017-10-12 07:00:00
0.0,6.773193593333929,2017-10-12 08:00:00
4.98616403714347e-07,6.468127079850262,2017-10-12 09:00:00
4.98616403714347e-07,6.309410042429704,2017-10-12 10:00:00
4.98616403714347e-07,6.204698022936668,2017-10-12 11:00:00
4.98616403714347e-07,6.5955129618319575,2017-10-12 12:00:00
4.98616403714347e-07,8.824147518443738,2017-10-12 13:00:00
4.98616403714347e-07,10.899424314223154,2017-10-12 14:00:00
4.98616403714347e-07,12.468455598437743,2017-10-12 15:00:00
4.98616403714347e-07,13.642961675349852,2017-10-12 16:00:00
4.98616403714347e-07,14.511988986733058,2017-10-12 17:00:00
4.98616403714347e-07,15.078835548949314,2017-10-12 18:00:00
4.98616403714347e-07,14.793969385682828,2017-10-12 19:00:00
4.98616403714347e-07,14.733368335031344,2017-10-12 20:00:00
4.98616403714347e-07,14.23206984800953,2017-10-12 21:00:00
4.98616403714347e-07,13.288837168481678,2017-10-12 22:00:00
1.4958492111465105e-06,11.995602502538077,2017-10-12 23:00:00
1.4958492111465105e-06,10.957139600557866,2017-10-13 00:00:00
0.0,10.107488135301367,2017-10-13 01:00:00
0.0,9.447472610858995,2017-10-13 02:00:00
0.0,9.001003645855178,2017-10-13 03:00:00
0.0,8.7990001436836,2017-10-13 04:00:00
0.0,8.740460353258356,2017-10-13 05:00:00
0.0,8.829506795031932,2017-10-13 06:00:00
0.0,8.3731437809422,2017-10-13 07:00:00
0.0,8.14475614787466,2017-10-13 08:00:00
0.0,8.0515871856486,2017-10-13 09:00:00
0.0,7.947287418200801,2017-10-13 10:00:00
0.0,7.879678082780117,2017-10-13 11:00:00
0.0,8.311305974154948,2017-10-13 12:00:00
0.0,9.865083932695427,2017-10-13 13:00:00
0.0,11.525635170955127,2017-10-13 14:00:00
0.0,12.93636166979445,2017-10-13 15:00:00
0.0,14.297205671158736,2017-10-13 16:00:00
0.0,15.354219915175122,2017-10-13 17:00:00
0.0,16.04268083073964,2017-10-13 18:00:00
0.0,16.482141510974202,2017-10-13 19:00:00
9.972328074321635e-07,16.14162132159919,2017-10-13 20:00:00
9.972328074321635e-07,15.564056206206487,2017-10-13 21:00:00
9.972328074321635e-07,15.008752701257151,2017-10-13 22:00:00
9.972328074321635e-07,14.492200888561172,2017-10-13 23:00:00
9.972328074321635e-07,14.286074865937053,2017-10-14 00:00:00
9.972328074321635e-07,14.190844643484752,2017-10-14 01:00:00
2.493082018578674e-06,14.089018388308432,2017-10-14 02:00:00
2.5429436589501087e-05,13.890312902498806,2017-10-14 03:00:00
0.00013562366181068403,13.461983027485928,2017-10-14 04:00:00
0.0003694747551533685,13.153618497640252,2017-10-14 05:00:00
0.0006736307614199771,13.09961347971273,2017-10-14 06:00:00
0.0009782853840903001,13.514751289277683,2017-10-14 07:00:00
0.0012610008849971294,13.457860507033445,2017-10-14 08:00:00
0.0015746306029343366,13.485893646110299,2017-10-14 09:00:00
0.0016120268332130167,13.21710531260851,2017-10-14 10:00:00
0.0017292016880862179,13.266987810083492,2017-10-14 11:00:00
0.0020547981997126024,13.201851986934287,2017-10-14 12:00:00
0.002094687512009863,13.924117570209148,2017-10-14 13:00:00
0.0020996736760470203,14.460457481077071,2017-10-14 14:00:00
0.002101668141661883,15.851395881744452,2017-10-14 15:00:00
0.002101668141661883,16.511411406186824,2017-10-14 16:00:00
0.002109147387717619,17.50081631478247,2017-10-14 17:00:00
0.0022253250097833896,18.436628457495885,2017-10-14 18:00:00
0.002237790419876283,18.096932772211403,2017-10-14 19:00:00
0.0022881506766515743,18.164542107632087,2017-10-14 20:00:00
0.0022966271555147407,17.556470340890996,2017-10-14 21:00:00
0.002306100867185341,16.950459834376147,2017-10-14 22:00:00
0.0023669320684386614,16.252104869725713,2017-10-14 23:00:00
0.0023983449018727537,15.927662510115397,2017-10-15 00:00:00
4.98616403714347e-07,15.698450372957382,2017-10-15 01:00:00
4.98616403714347e-07,15.451511397853722,2017-10-15 02:00:00
4.98616403714347e-07,15.03142656374581,2017-10-15 03:00:00
4.98616403714347e-07,14.707808708225969,2017-10-15 04:00:00
9.972328074321635e-07,14.558573467846088,2017-10-15 05:00:00
5.484780440873083e-05,14.573414541475074,2017-10-15 06:00:00
0.00019645486306400436,14.82777405339317,2017-10-15 07:00:00
0.0005300292371498427,14.889199608135186,2017-10-15 08:00:00
0.0009737978364568588,14.312458996832959,2017-10-15 09:00:00
0.00158011538337521,14.097263429213399,2017-10-15 10:00:00
0.0022627212400620697,14.039135890833393,2017-10-15 11:00:00
0.002752362548510936,14.020996800842454,2017-10-15 12:00:00
0.003343222986914099,14.204036708932676,2017-10-15 13:00:00
0.0035456612468226945,15.291969856342632,2017-10-15 14:00:00
0.0036389025143175394,16.388972548748086,2017-10-15 15:00:00
0.004029817774830687,17.208941866746784,2017-10-15 16:00:00
0.00416195112181536,18.495580499966366,2017-10-15 17:00:00
0.004362394916109092,19.622265339629678,2017-10-15 18:00:00
0.004362394916109092,22.25985392512763,2017-10-15 19:00:00
0.004362394916109092,22.46103292320879,2017-10-15 20:00:00
0.004362394916109092,21.985294062992352,2017-10-15 21:00:00
0.004362394916109092,21.6513699063413,2017-10-15 22:00:00
0.004481065620193439,20.93116558329274,2017-10-15 23:00:00
0.005819850664170227,19.461487041982878,2017-10-16 00:00:00
0.004281120442303424,18.460539076120313,2017-10-16 01:00:00
0.006962180845083009,17.930382945931115,2017-10-16 02:00:00
0.007800355019729184,17.155761352909735,2017-10-16 03:00:00
0.008919250229667327,15.834905799934518,2017-10-16 04:00:00
0.009249832905330869,13.511453272915674,2017-10-16 05:00:00
0.0093680049930115,10.728339715445145,2017-10-16 06:00:00
0.009413379085749634,8.656773188072975,2017-10-16 07:00:00
0.00941387770215335,8.288219859621051,2017-10-16 08:00:00
0.00941387770215335,8.123319041521768,2017-10-16 09:00:00
0.00941387770215335,7.9369811170695925,2017-10-16 10:00:00
0.00941387770215335,7.739100135350441,2017-10-16 11:00:00
0.00941387770215335,7.564717520210479,2017-10-16 12:00:00
0.00941387770215335,7.5263780800024165,2017-10-16 13:00:00
0.00941387770215335,7.580795349975176,2017-10-16 14:00:00
0.00941387770215335,7.730442842400237,2017-10-16 15:00:00
0.009415872167768213,7.799288933956689,2017-10-16 16:00:00
0.009417866633383076,8.022317290435979,2017-10-16 17:00:00
0.009418863866190508,8.03221133952195,2017-10-16 18:00:00
0.009440304371550284,7.26459803126977,2017-10-16 19:00:00
0.009522077461759667,7.025904097071077,2017-10-16 20:00:00
0.00960734086679506,6.819365822401721,2017-10-16 21:00:00
0.0096497232611109,6.666832565659888,2017-10-16 22:00:00
0.009718033708419956,6.249221243823513,2017-10-16 23:00:00
0.009759917486332079,5.86252882538065,2017-10-17 00:00:00
4.188377791212311e-05,5.6794889172904846,2017-10-17 01:00:00
7.62883097685102e-05,5.538086465770334,2017-10-17 02:00:00
7.977862459451757e-05,5.383904200847496,2017-10-17 03:00:00
7.977862459451757e-05,5.136965225743836,2017-10-17 04:00:00
7.977862459451757e-05,4.9015693079071525,2017-10-17 05:00:00
7.977862459451757e-05,4.690084008694782,2017-10-17 06:00:00
7.977862459451757e-05,3.939785286343067,2017-10-17 07:00:00
7.977862459451757e-05,3.5922568121988547,2017-10-17 08:00:00
8.027724099823538e-05,3.366342691402849,2017-10-17 09:00:00
8.027724099823538e-05,3.238544557375917,2017-10-17 10:00:00
8.027724099823538e-05,3.1041503906250227,2017-10-17 11:00:00
8.027724099823538e-05,3.50444712656099,2017-10-17 12:00:00
8.027724099823538e-05,5.153867559599007,2017-10-17 13:00:00
8.027724099823538e-05,6.8004022283203085,2017-10-17 14:00:00
8.027724099823538e-05,8.310069218019237,2017-10-17 15:00:00
8.027724099823538e-05,9.53198428013485,2017-10-17 16:00:00
8.027724099823538e-05,10.538291522585723,2017-10-17 17:00:00
8.027724099823538e-05,11.484822218475585,2017-10-17 18:00:00
8.027724099823538e-05,12.212447078338641,2017-10-17 19:00:00
8.027724099823538e-05,12.421458865279476,2017-10-17 20:00:00
8.027724099823538e-05,11.904907052583496,2017-10-17 21:00:00
8.027724099823538e-05,10.907257103082827,2017-10-17 22:00:00
8.027724099823538e-05,10.518091172368543,2017-10-17 23:00:00
